<?xml version="1.0" encoding="UTF-8"?>
<configuration>
    <property name="LOGS" value="./logs" />

    <appender name="Console"
              class="ch.qos.logback.core.ConsoleAppender">
        <layout class="ch.qos.logback.classic.PatternLayout">
            <Pattern>
                %red(%d{yyyy-MM-dd HH:mm:ss}) %green([%thread]) %highlight(%-5level) [%X{traceId}] %boldMagenta(%logger{36}.%M\(%line\)) - %msg%n
            </Pattern>
        </layout>
    </appender>

    <appender name="RollingFile"
              class="ch.qos.logback.core.rolling.RollingFileAppender">
        <file>${LOGS}/app-log.log</file>
        <encoder
                class="ch.qos.logback.classic.encoder.PatternLayoutEncoder">
            <Pattern>%red(%d{yyyy-MM-dd HH:mm:ss}) %green([%thread]) %highlight(%-5level) [%X{traceId}] %boldMagenta(%logger{36}.%M\(%line\)) - %msg%n</Pattern>
        </encoder>

        <rollingPolicy
                class="ch.qos.logback.core.rolling.TimeBasedRollingPolicy">
            <!-- rollover daily and when the file reaches 10 MegaBytes -->
            <fileNamePattern>${LOGS}/archived/app-log-%d{yyyy-MM-dd}.%i.log</fileNamePattern>
            <MaxHistory>10</MaxHistory>
            <timeBasedFileNamingAndTriggeringPolicy
                    class="ch.qos.logback.core.rolling.SizeAndTimeBasedFNATP">
                <maxFileSize>10MB</maxFileSize>
            </timeBasedFileNamingAndTriggeringPolicy>
        </rollingPolicy>
    </appender>

    <!-- LOG everything at INFO level -->
    <root level="info">
        <appender-ref ref="RollingFile" />
        <!--<appender-ref ref="Console" />-->
    </root>

    <logger name="org.icc.broadcast" level="info" additivity="false">
        <appender-ref ref="RollingFile" />
        <!--<appender-ref ref="Console" />-->
    </logger>

</configuration>